<?xml version="1.0" encoding="UTF-8"?>
<project-private xmlns="http://www.netbeans.org/ns/project-private/1">
    <editor-bookmarks xmlns="http://www.netbeans.org/ns/editor-bookmarks/2" lastBookmarkId="0"/>
    <open-files xmlns="http://www.netbeans.org/ns/projectui-open-files/2">
        <group>
            <file>file:/C:/Users/admin/Documents/NetBeansProjects/Assignment02/src/Launcher.java</file>
            <file>file:/C:/Users/admin/Documents/NetBeansProjects/Assignment02/src/Conversions.java</file>
            <file>file:/C:/Users/admin/Documents/NetBeansProjects/Assignment02/src/DialogBox.java</file>
            <file>file:/C:/Users/admin/Documents/NetBeansProjects/Assignment02/src/Conversion.java</file>
            <file>file:/C:/Users/admin/Documents/NetBeansProjects/Assignment02/src/TestBackpack.java</file>
            <file>file:/C:/Users/admin/Documents/NetBeansProjects/Assignment02/src/Assignment02Q1a.java</file>
            <file>file:/C:/Users/admin/Documents/NetBeansProjects/Assignment02/src/Backpack.java</file>
        </group>
    </open-files>
</project-private>
